timestamp,SentimentValue,Classification,Date,count
1517463000,30,Fear,2018-01-02,1
1517549400,15,Extreme Fear,2018-02-02,1
1517635800,40,Fear,2018-03-02,1
1517722200,24,Extreme Fear,2018-04-02,1
1517808600,11,Extreme Fear,2018-05-02,1
1517895000,8,Extreme Fear,2018-06-02,1
1517981400,36,Fear,2018-07-02,1
1518067800,30,Fear,2018-08-02,1
1518154200,44,Fear,2018-09-02,1
1518240600,54,Neutral,2018-10-02,1
1518327000,31,Fear,2018-11-02,1
1518413400,42,Fear,2018-12-02,1
1519882200,38,Fear,2018-01-03,1
1519968600,47,Neutral,2018-02-03,1
1520055000,56,Greed,2018-03-03,1
1520141400,44,Fear,2018-04-03,1
1520227800,55,Greed,2018-05-03,1
1520314200,59,Greed,2018-06-03,1
1520400600,37,Fear,2018-07-03,1
1520487000,39,Fear,2018-08-03,1
1520573400,37,Fear,2018-09-03,1
1520659800,39,Fear,2018-10-03,1
1520746200,40,Fear,2018-11-03,1
1520832600,41,Fear,2018-12-03,1
1522560600,16,Extreme Fear,2018-01-04,1
1522647000,11,Extreme Fear,2018-02-04,1
1522733400,22,Extreme Fear,2018-03-04,1
1522819800,22,Extreme Fear,2018-04-04,1
1522906200,17,Extreme Fear,2018-05-04,1
1522992600,19,Extreme Fear,2018-06-04,1
1523079000,20,Extreme Fear,2018-07-04,1
1523165400,17,Extreme Fear,2018-08-04,1
1523251800,21,Extreme Fear,2018-09-04,1
1523338200,18,Extreme Fear,2018-10-04,1
1523424600,20,Extreme Fear,2018-11-04,1
1523511000,18,Extreme Fear,2018-12-04,1
1525152600,56,Greed,2018-01-05,1
1525239000,52,Neutral,2018-02-05,1
1525325400,55,Greed,2018-03-05,1
1525411800,56,Greed,2018-04-05,1
1525498200,63,Greed,2018-05-05,1
1525584600,67,Greed,2018-06-05,1
1525671000,56,Greed,2018-07-05,1
1525757400,62,Greed,2018-08-05,1
1525843800,53,Neutral,2018-09-05,1
1525930200,63,Greed,2018-10-05,1
1526016600,41,Fear,2018-11-05,1
1526103000,44,Fear,2018-12-05,1
1527831000,24,Extreme Fear,2018-01-06,1
1527917400,27,Fear,2018-02-06,1
1528003800,40,Fear,2018-03-06,1
1528090200,41,Fear,2018-04-06,1
1528176600,26,Fear,2018-05-06,1
1528263000,42,Fear,2018-06-06,1
1528349400,38,Fear,2018-07-06,1
1528435800,40,Fear,2018-08-06,1
1528522200,39,Fear,2018-09-06,1
1528608600,24,Extreme Fear,2018-10-06,1
1528695000,15,Extreme Fear,2018-11-06,1
1528781400,19,Extreme Fear,2018-12-06,1
1530423000,27,Fear,2018-01-07,1
1530509400,27,Fear,2018-02-07,1
1530595800,31,Fear,2018-03-07,1
1530682200,33,Fear,2018-04-07,1
1530768600,37,Fear,2018-05-07,1
1530855000,34,Fear,2018-06-07,1
1530941400,34,Fear,2018-07-07,1
1531027800,38,Fear,2018-08-07,1
1531114200,39,Fear,2018-09-07,1
1531200600,37,Fear,2018-10-07,1
1531287000,29,Fear,2018-11-07,1
1531373400,33,Fear,2018-12-07,1
1533101400,39,Fear,2018-01-08,1
1533187800,39,Fear,2018-02-08,1
1533274200,36,Fear,2018-03-08,1
1533360600,31,Fear,2018-04-08,1
1533447000,23,Extreme Fear,2018-05-08,1
1533533400,25,Fear,2018-06-08,1
1533619800,25,Fear,2018-07-08,1
1533706200,23,Extreme Fear,2018-08-08,1
1533792600,19,Extreme Fear,2018-09-08,1
1533879000,21,Extreme Fear,2018-10-08,1
1533965400,18,Extreme Fear,2018-11-08,1
1534051800,18,Extreme Fear,2018-12-08,1
1535779800,21,Extreme Fear,2018-01-09,1
1535866200,18,Extreme Fear,2018-02-09,1
1535952600,19,Extreme Fear,2018-03-09,1
1536039000,26,Fear,2018-04-09,1
1536125400,17,Extreme Fear,2018-05-09,1
1536211800,14,Extreme Fear,2018-06-09,1
1536298200,17,Extreme Fear,2018-07-09,1
1536384600,18,Extreme Fear,2018-08-09,1
1536471000,13,Extreme Fear,2018-09-09,1
1536557400,15,Extreme Fear,2018-10-09,1
1536643800,18,Extreme Fear,2018-11-09,1
1536730200,14,Extreme Fear,2018-12-09,1
1538371800,35,Fear,2018-01-10,1
1538458200,33,Fear,2018-02-10,1
1538544600,36,Fear,2018-03-10,1
1538631000,29,Fear,2018-04-10,1
1538717400,37,Fear,2018-05-10,1
1538803800,34,Fear,2018-06-10,1
1538890200,29,Fear,2018-07-10,1
1538976600,26,Fear,2018-08-10,1
1539063000,31,Fear,2018-09-10,1
1539149400,28,Fear,2018-10-10,1
1539235800,19,Extreme Fear,2018-11-10,1
1539322200,13,Extreme Fear,2018-12-10,1
1541050200,29,Fear,2018-01-11,1
1541136600,36,Fear,2018-02-11,1
1541223000,36,Fear,2018-03-11,1
1541309400,41,Fear,2018-04-11,1
1541395800,42,Fear,2018-05-11,1
1541482200,42,Fear,2018-06-11,1
1541568600,48,Neutral,2018-07-11,1
1541655000,51,Neutral,2018-08-11,1
1541741400,47,Neutral,2018-09-11,1
1541827800,52,Neutral,2018-10-11,1
1541914200,54,Neutral,2018-11-11,1
1542000600,52,Neutral,2018-12-11,1
1543642200,13,Extreme Fear,2018-01-12,1
1543728600,15,Extreme Fear,2018-02-12,1
1543815000,17,Extreme Fear,2018-03-12,1
1543901400,12,Extreme Fear,2018-04-12,1
1543987800,19,Extreme Fear,2018-05-12,1
1544074200,13,Extreme Fear,2018-06-12,1
1544160600,11,Extreme Fear,2018-07-12,1
1544247000,11,Extreme Fear,2018-08-12,1
1544333400,14,Extreme Fear,2018-09-12,1
1544419800,19,Extreme Fear,2018-10-12,1
1544506200,15,Extreme Fear,2018-11-12,1
1544592600,14,Extreme Fear,2018-12-12,1
1546320600,24,Extreme Fear,2019-01-01,1
1546407000,30,Fear,2019-02-01,1
1546493400,33,Fear,2019-03-01,1
1546579800,48,Neutral,2019-04-01,1
1546666200,36,Fear,2019-05-01,1
1546752600,31,Fear,2019-06-01,1
1546839000,39,Fear,2019-07-01,1
1546925400,39,Fear,2019-08-01,1
1547011800,42,Fear,2019-09-01,1
1547098200,37,Fear,2019-10-01,1
1547184600,19,Extreme Fear,2019-11-01,1
1547271000,22,Extreme Fear,2019-12-01,1
1548999000,23,Extreme Fear,2019-01-02,1
1549085400,22,Extreme Fear,2019-02-02,1
1549171800,19,Extreme Fear,2019-03-02,1
1549258200,27,Fear,2019-04-02,1
1549344600,21,Extreme Fear,2019-05-02,1
1549431000,14,Extreme Fear,2019-06-02,1
1549517400,18,Extreme Fear,2019-07-02,1
1549603800,37,Fear,2019-08-02,1
1549690200,42,Fear,2019-09-02,1
1549776600,40,Fear,2019-10-02,1
1549863000,46,Neutral,2019-11-02,1
1549949400,38,Fear,2019-12-02,1
1551418200,42,Fear,2019-01-03,1
1551504600,41,Fear,2019-02-03,1
1551591000,44,Fear,2019-03-03,1
1551677400,36,Fear,2019-04-03,1
1551763800,35,Fear,2019-05-03,1
1551850200,42,Fear,2019-06-03,1
1551936600,56,Greed,2019-07-03,1
1552023000,54,Neutral,2019-08-03,1
1552109400,55,Greed,2019-09-03,1
1552195800,55,Greed,2019-10-03,1
1552282200,56,Greed,2019-11-03,1
1552368600,56,Greed,2019-12-03,1
1554096600,62,Greed,2019-01-04,1
1554183000,60,Greed,2019-02-04,1
1554269400,71,Greed,2019-03-04,1
1554355800,61,Greed,2019-04-04,1
1554442200,59,Greed,2019-05-04,1
1554528600,65,Greed,2019-06-04,1
1554615000,69,Greed,2019-07-04,1
1554701400,65,Greed,2019-08-04,1
1554787800,64,Greed,2019-09-04,1
1554874200,62,Greed,2019-10-04,1
1554960600,65,Greed,2019-11-04,1
1555047000,42,Fear,2019-12-04,1
1556688600,51,Neutral,2019-01-05,1
1556775000,50,Neutral,2019-02-05,1
1556861400,63,Greed,2019-03-05,1
1556947800,66,Greed,2019-04-05,1
1557034200,67,Greed,2019-05-05,1
1557120600,57,Greed,2019-06-05,1
1557207000,69,Greed,2019-07-05,1
1557293400,63,Greed,2019-08-05,1
1557379800,69,Greed,2019-09-05,1
1557466200,71,Greed,2019-10-05,1
1557552600,76,Extreme Greed,2019-11-05,1
1557639000,75,Extreme Greed,2019-12-05,1
1559367000,62,Greed,2019-01-06,1
1559453400,63,Greed,2019-02-06,1
1559539800,66,Greed,2019-03-06,1
1559626200,42,Fear,2019-04-06,1
1559712600,27,Fear,2019-05-06,1
1559799000,34,Fear,2019-06-06,1
1559885400,27,Fear,2019-07-06,1
1559971800,62,Greed,2019-08-06,1
1560058200,62,Greed,2019-09-06,1
1560144600,46,Neutral,2019-10-06,1
1560231000,61,Greed,2019-11-06,1
1560317400,60,Greed,2019-12-06,1
1561959000,65,Greed,2019-01-07,1
1562045400,63,Greed,2019-02-07,1
1562131800,79,Extreme Greed,2019-03-07,1
1562218200,76,Extreme Greed,2019-04-07,1
1562304600,67,Greed,2019-05-07,1
1562391000,72,Greed,2019-06-07,1
1562477400,67,Greed,2019-07-07,1
1562563800,74,Greed,2019-08-07,1
1562650200,84,Extreme Greed,2019-09-07,1
1562736600,83,Extreme Greed,2019-10-07,1
1562823000,62,Greed,2019-11-07,1
1562909400,33,Fear,2019-12-07,1
1564637400,57,Greed,2019-01-08,1
1564723800,61,Greed,2019-02-08,1
1564810200,61,Greed,2019-03-08,1
1564896600,62,Greed,2019-04-08,1
1564983000,64,Greed,2019-05-08,1
1565069400,66,Greed,2019-06-08,1
1565155800,45,Neutral,2019-07-08,1
1565242200,61,Greed,2019-08-08,1
1565328600,60,Greed,2019-09-08,1
1565415000,59,Greed,2019-10-08,1
1565501400,45,Neutral,2019-11-08,1
1565587800,48,Neutral,2019-12-08,1
1567315800,24,Extreme Fear,2019-01-09,1
1567402200,28,Fear,2019-02-09,1
1567488600,41,Fear,2019-03-09,1
1567575000,43,Fear,2019-04-09,1
1567661400,41,Fear,2019-05-09,1
1567747800,43,Fear,2019-06-09,1
1567834200,39,Fear,2019-07-09,1
1567920600,43,Fear,2019-08-09,1
1568007000,41,Fear,2019-09-09,1
1568093400,41,Fear,2019-10-09,1
1568179800,38,Fear,2019-11-09,1
1568266200,39,Fear,2019-12-09,1
1569907800,38,Fear,2019-01-10,1
1569994200,39,Fear,2019-02-10,1
1570080600,37,Fear,2019-03-10,1
1570167000,30,Fear,2019-04-10,1
1570253400,31,Fear,2019-05-10,1
1570339800,32,Fear,2019-06-10,1
1570426200,27,Fear,2019-07-10,1
1570512600,39,Fear,2019-08-10,1
1570599000,37,Fear,2019-09-10,1
1570685400,41,Fear,2019-10-10,1
1570771800,39,Fear,2019-11-10,1
1570858200,38,Fear,2019-12-10,1
1572586200,49,Neutral,2019-01-11,1
1572672600,51,Neutral,2019-02-11,1
1572759000,56,Greed,2019-03-11,1
1572845400,49,Neutral,2019-04-11,1
1572931800,54,Neutral,2019-05-11,1
1573018200,53,Neutral,2019-06-11,1
1573104600,54,Neutral,2019-07-11,1
1573191000,42,Fear,2019-08-11,1
1573277400,38,Fear,2019-09-11,1
1573363800,39,Fear,2019-10-11,1
1573450200,40,Fear,2019-11-11,1
1573536600,39,Fear,2019-12-11,1
1575178200,25,Fear,2019-01-12,1
1575264600,28,Fear,2019-02-12,1
1575351000,28,Fear,2019-03-12,1
1575437400,24,Extreme Fear,2019-04-12,1
1575523800,21,Extreme Fear,2019-05-12,1
1575610200,29,Fear,2019-06-12,1
1575696600,32,Fear,2019-07-12,1
1575783000,28,Fear,2019-08-12,1
1575869400,32,Fear,2019-09-12,1
1575955800,26,Fear,2019-10-12,1
1576042200,20,Extreme Fear,2019-11-12,1
1576128600,23,Extreme Fear,2019-12-12,1
1577856600,37,Fear,2020-01-01,1
1577943000,39,Fear,2020-02-01,1
1578029400,38,Fear,2020-03-01,1
1578115800,38,Fear,2020-04-01,1
1578202200,39,Fear,2020-05-01,1
1578288600,41,Fear,2020-06-01,1
1578375000,40,Fear,2020-07-01,1
1578461400,51,Neutral,2020-08-01,1
1578547800,44,Fear,2020-09-01,1
1578634200,41,Fear,2020-10-01,1
1578720600,50,Neutral,2020-11-01,1
1578807000,45,Neutral,2020-12-01,1
1580535000,57,Greed,2020-01-02,1
1580621400,57,Greed,2020-02-02,1
1580707800,59,Greed,2020-03-02,1
1580794200,56,Greed,2020-04-02,1
1580880600,53,Neutral,2020-05-02,1
1580967000,61,Greed,2020-06-02,1
1581053400,56,Greed,2020-07-02,1
1581139800,56,Greed,2020-08-02,1
1581226200,56,Greed,2020-09-02,1
1581312600,57,Greed,2020-10-02,1
1581399000,52,Neutral,2020-11-02,1
1581485400,61,Greed,2020-12-02,1
1583040600,39,Fear,2020-01-03,1
1583127000,38,Fear,2020-02-03,1
1583213400,38,Fear,2020-03-03,1
1583299800,40,Fear,2020-04-03,1
1583386200,41,Fear,2020-05-03,1
1583472600,39,Fear,2020-06-03,1
1583559000,38,Fear,2020-07-03,1
1583645400,33,Fear,2020-08-03,1
1583731800,17,Extreme Fear,2020-09-03,1
1583818200,16,Extreme Fear,2020-10-03,1
1583904600,17,Extreme Fear,2020-11-03,1
1583991000,14,Extreme Fear,2020-12-03,1
1585719000,12,Extreme Fear,2020-01-04,1
1585805400,14,Extreme Fear,2020-02-04,1
1585891800,14,Extreme Fear,2020-03-04,1
1585978200,12,Extreme Fear,2020-04-04,1
1586064600,12,Extreme Fear,2020-05-04,1
1586151000,12,Extreme Fear,2020-06-04,1
1586237400,20,Extreme Fear,2020-07-04,1
1586323800,21,Extreme Fear,2020-08-04,1
1586410200,22,Extreme Fear,2020-09-04,1
1586496600,15,Extreme Fear,2020-10-04,1
1586583000,15,Extreme Fear,2020-11-04,1
1586669400,10,Extreme Fear,2020-12-04,1
1588311000,40,Fear,2020-01-05,1
1588397400,40,Fear,2020-02-05,1
1588483800,45,Neutral,2020-03-05,1
1588570200,44,Fear,2020-04-05,1
1588656600,40,Fear,2020-05-05,1
1588743000,42,Fear,2020-06-05,1
1588829400,49,Neutral,2020-07-05,1
1588915800,55,Greed,2020-08-05,1
1589002200,56,Greed,2020-09-05,1
1589088600,48,Neutral,2020-10-05,1
1589175000,40,Fear,2020-11-05,1
1589261400,39,Fear,2020-12-05,1
1590989400,50,Neutral,2020-01-06,1
1591075800,56,Greed,2020-02-06,1
1591162200,48,Neutral,2020-03-06,1
1591248600,54,Neutral,2020-04-06,1
1591335000,53,Neutral,2020-05-06,1
1591421400,54,Neutral,2020-06-06,1
1591507800,54,Neutral,2020-07-06,1
1591594200,53,Neutral,2020-08-06,1
1591680600,52,Neutral,2020-09-06,1
1591767000,54,Neutral,2020-10-06,1
1591853400,52,Neutral,2020-11-06,1
1591939800,38,Fear,2020-12-06,1
1593581400,42,Fear,2020-01-07,1
1593667800,42,Fear,2020-02-07,1
1593754200,41,Fear,2020-03-07,1
1593840600,40,Fear,2020-04-07,1
1593927000,38,Fear,2020-05-07,1
1594013400,40,Fear,2020-06-07,1
1594099800,43,Fear,2020-07-07,1
1594186200,44,Fear,2020-08-07,1
1594272600,44,Fear,2020-09-07,1
1594359000,41,Fear,2020-10-07,1
1594445400,44,Fear,2020-11-07,1
1594531800,41,Fear,2020-12-07,1
1596259800,75,Extreme Greed,2020-01-08,1
1596346200,80,Extreme Greed,2020-02-08,1
1596432600,75,Extreme Greed,2020-03-08,1
1596519000,72,Greed,2020-04-08,1
1596605400,75,Extreme Greed,2020-05-08,1
1596691800,79,Extreme Greed,2020-06-08,1
1596778200,77,Extreme Greed,2020-07-08,1
1596864600,77,Extreme Greed,2020-08-08,1
1596951000,79,Extreme Greed,2020-09-08,1
1597037400,78,Extreme Greed,2020-10-08,1
1597123800,84,Extreme Greed,2020-11-08,1
1597210200,75,Extreme Greed,2020-12-08,1
1598938200,75,Extreme Greed,2020-01-09,1
1599024600,83,Extreme Greed,2020-02-09,1
1599111000,79,Extreme Greed,2020-03-09,1
1599197400,40,Fear,2020-04-09,1
1599283800,41,Fear,2020-05-09,1
1599370200,41,Fear,2020-06-09,1
1599456600,41,Fear,2020-07-09,1
1599543000,41,Fear,2020-08-09,1
1599629400,38,Fear,2020-09-09,1
1599715800,38,Fear,2020-10-09,1
1599802200,41,Fear,2020-11-09,1
1599888600,41,Fear,2020-12-09,1
1601530200,45,Neutral,2020-01-10,1
1601616600,41,Fear,2020-02-10,1
1601703000,40,Fear,2020-03-10,1
1601789400,42,Fear,2020-04-10,1
1601875800,42,Fear,2020-05-10,1
1601962200,47,Neutral,2020-06-10,1
1602048600,43,Fear,2020-07-10,1
1602135000,46,Neutral,2020-08-10,1
1602221400,48,Neutral,2020-09-10,1
1602307800,53,Neutral,2020-10-10,1
1602394200,55,Greed,2020-11-10,1
1602480600,52,Neutral,2020-12-10,1
1604208600,72,Greed,2020-01-11,1
1604295000,71,Greed,2020-02-11,1
1604381400,71,Greed,2020-03-11,1
1604467800,74,Greed,2020-04-11,1
1604554200,72,Greed,2020-05-11,1
1604640600,90,Extreme Greed,2020-06-11,1
1604727000,88,Extreme Greed,2020-07-11,1
1604813400,82,Extreme Greed,2020-08-11,1
1604899800,90,Extreme Greed,2020-09-11,1
1604986200,90,Extreme Greed,2020-10-11,1
1605072600,86,Extreme Greed,2020-11-11,1
1605159000,87,Extreme Greed,2020-12-11,1
1606800600,95,Extreme Greed,2020-01-12,1
1606887000,92,Extreme Greed,2020-02-12,1
1606973400,92,Extreme Greed,2020-03-12,1
1607059800,92,Extreme Greed,2020-04-12,1
1607146200,93,Extreme Greed,2020-05-12,1
1607232600,95,Extreme Greed,2020-06-12,1
1607319000,94,Extreme Greed,2020-07-12,1
1607405400,95,Extreme Greed,2020-08-12,1
1607491800,86,Extreme Greed,2020-09-12,1
1607578200,94,Extreme Greed,2020-10-12,1
1607664600,89,Extreme Greed,2020-11-12,1
1607751000,90,Extreme Greed,2020-12-12,1
1609479000,94,Extreme Greed,2021-01-01,1
1609565400,94,Extreme Greed,2021-02-01,1
1609651800,93,Extreme Greed,2021-03-01,1
1609738200,94,Extreme Greed,2021-04-01,1
1609824600,93,Extreme Greed,2021-05-01,1
1609911000,95,Extreme Greed,2021-06-01,1
1609997400,91,Extreme Greed,2021-07-01,1
1610083800,93,Extreme Greed,2021-08-01,1
1610170200,93,Extreme Greed,2021-09-01,1
1610256600,94,Extreme Greed,2021-10-01,1
1610343000,90,Extreme Greed,2021-11-01,1
1610429400,84,Extreme Greed,2021-12-01,1
1612157400,77,Extreme Greed,2021-01-02,1
1612243800,76,Extreme Greed,2021-02-02,1
1612330200,78,Extreme Greed,2021-03-02,1
1612416600,80,Extreme Greed,2021-04-02,1
1612503000,81,Extreme Greed,2021-05-02,1
1612589400,84,Extreme Greed,2021-06-02,1
1612675800,86,Extreme Greed,2021-07-02,1
1612762200,83,Extreme Greed,2021-08-02,1
1612848600,95,Extreme Greed,2021-09-02,1
1612935000,92,Extreme Greed,2021-10-02,1
1613021400,93,Extreme Greed,2021-11-02,1
1613107800,92,Extreme Greed,2021-12-02,1
1614576600,38,Fear,2021-01-03,1
1614663000,78,Extreme Greed,2021-02-03,1
1614749400,78,Extreme Greed,2021-03-03,1
1614835800,84,Extreme Greed,2021-04-03,1
1614922200,77,Extreme Greed,2021-05-03,1
1615008600,77,Extreme Greed,2021-06-03,1
1615095000,76,Extreme Greed,2021-07-03,1
1615181400,81,Extreme Greed,2021-08-03,1
1615267800,81,Extreme Greed,2021-09-03,1
1615354200,68,Greed,2021-10-03,1
1615440600,73,Greed,2021-11-03,1
1615527000,70,Greed,2021-12-03,1
1617255000,74,Greed,2021-01-04,1
1617341400,74,Greed,2021-02-04,1
1617427800,73,Greed,2021-03-04,1
1617514200,74,Greed,2021-04-04,1
1617600600,71,Greed,2021-05-04,1
1617687000,75,Extreme Greed,2021-06-04,1
1617773400,72,Greed,2021-07-04,1
1617859800,73,Greed,2021-08-04,1
1617946200,70,Greed,2021-09-04,1
1618032600,70,Greed,2021-10-04,1
1618119000,76,Extreme Greed,2021-11-04,1
1618205400,74,Greed,2021-12-04,1
1619847000,68,Greed,2021-01-05,1
1619933400,66,Greed,2021-02-05,1
1620019800,61,Greed,2021-03-05,1
1620106200,68,Greed,2021-04-05,1
1620192600,48,Neutral,2021-05-05,1
1620279000,65,Greed,2021-06-05,1
1620365400,64,Greed,2021-07-05,1
1620451800,67,Greed,2021-08-05,1
1620538200,73,Greed,2021-09-05,1
1620624600,72,Greed,2021-10-05,1
1620711000,61,Greed,2021-11-05,1
1620797400,68,Greed,2021-12-05,1
1622525400,20,Extreme Fear,2021-01-06,1
1622611800,23,Extreme Fear,2021-02-06,1
1622698200,24,Extreme Fear,2021-03-06,1
1622784600,27,Fear,2021-04-06,1
1622871000,24,Extreme Fear,2021-05-06,1
1622957400,17,Extreme Fear,2021-06-06,1
1623043800,15,Extreme Fear,2021-07-06,1
1623130200,13,Extreme Fear,2021-08-06,1
1623216600,14,Extreme Fear,2021-09-06,1
1623303000,21,Extreme Fear,2021-10-06,1
1623389400,21,Extreme Fear,2021-11-06,1
1623475800,28,Fear,2021-12-06,1
1625117400,28,Fear,2021-01-07,1
1625203800,21,Extreme Fear,2021-02-07,1
1625290200,24,Extreme Fear,2021-03-07,1
1625376600,27,Fear,2021-04-07,1
1625463000,29,Fear,2021-05-07,1
1625549400,20,Extreme Fear,2021-06-07,1
1625635800,28,Fear,2021-07-07,1
1625722200,20,Extreme Fear,2021-08-07,1
1625808600,20,Extreme Fear,2021-09-07,1
1625895000,20,Extreme Fear,2021-10-07,1
1625981400,20,Extreme Fear,2021-11-07,1
1626067800,25,Fear,2021-12-07,1
1627795800,60,Greed,2021-01-08,1
1627882200,48,Neutral,2021-02-08,1
1627968600,48,Neutral,2021-03-08,1
1628055000,42,Fear,2021-04-08,1
1628141400,50,Neutral,2021-05-08,1
1628227800,52,Neutral,2021-06-08,1
1628314200,69,Greed,2021-07-08,1
1628400600,74,Greed,2021-08-08,1
1628487000,65,Greed,2021-09-08,1
1628573400,71,Greed,2021-10-08,1
1628659800,70,Greed,2021-11-08,1
1628746200,70,Greed,2021-12-08,1
1630474200,71,Greed,2021-01-09,1
1630560600,74,Greed,2021-02-09,1
1630647000,74,Greed,2021-03-09,1
1630733400,72,Greed,2021-04-09,1
1630819800,73,Greed,2021-05-09,1
1630906200,79,Extreme Greed,2021-06-09,1
1630992600,79,Extreme Greed,2021-07-09,1
1631079000,47,Neutral,2021-08-09,1
1631165400,45,Neutral,2021-09-09,1
1631251800,46,Neutral,2021-10-09,1
1631338200,31,Fear,2021-11-09,1
1631424600,32,Fear,2021-12-09,1
1633066200,27,Fear,2021-01-10,1
1633152600,54,Neutral,2021-02-10,1
1633239000,49,Neutral,2021-03-10,1
1633325400,54,Neutral,2021-04-10,1
1633411800,59,Greed,2021-05-10,1
1633498200,68,Greed,2021-06-10,1
1633584600,76,Extreme Greed,2021-07-10,1
1633671000,74,Greed,2021-08-10,1
1633757400,72,Greed,2021-09-10,1
1633843800,71,Greed,2021-10-10,1
1633930200,71,Greed,2021-11-10,1
1634016600,78,Extreme Greed,2021-12-10,1
1635744600,74,Greed,2021-01-11,1
1635831000,73,Greed,2021-02-11,1
1635917400,76,Extreme Greed,2021-03-11,1
1636003800,73,Greed,2021-04-11,1
1636090200,73,Greed,2021-05-11,1
1636176600,71,Greed,2021-06-11,1
1636263000,73,Greed,2021-07-11,1
1636349400,75,Extreme Greed,2021-08-11,1
1636435800,84,Extreme Greed,2021-09-11,1
1636522200,75,Extreme Greed,2021-10-11,1
1636608600,77,Extreme Greed,2021-11-11,1
1636695000,74,Greed,2021-12-11,1
1638336600,34,Fear,2021-01-12,1
1638423000,32,Fear,2021-02-12,1
1638509400,31,Fear,2021-03-12,1
1638595800,25,Fear,2021-04-12,1
1638682200,18,Extreme Fear,2021-05-12,1
1638768600,16,Extreme Fear,2021-06-12,1
1638855000,25,Fear,2021-07-12,1
1638941400,28,Fear,2021-08-12,1
1639027800,29,Fear,2021-09-12,1
1639114200,24,Extreme Fear,2021-10-12,1
1639200600,16,Extreme Fear,2021-11-12,1
1639287000,27,Fear,2021-12-12,1
1641015000,21,Extreme Fear,2022-01-01,1
1641101400,29,Fear,2022-02-01,1
1641187800,29,Fear,2022-03-01,1
1641274200,23,Extreme Fear,2022-04-01,1
1641360600,24,Extreme Fear,2022-05-01,1
1641447000,15,Extreme Fear,2022-06-01,1
1641533400,18,Extreme Fear,2022-07-01,1
1641619800,10,Extreme Fear,2022-08-01,1
1641706200,23,Extreme Fear,2022-09-01,1
1641792600,23,Extreme Fear,2022-10-01,1
1641879000,21,Extreme Fear,2022-11-01,1
1641965400,22,Extreme Fear,2022-12-01,1
1643693400,26,Fear,2022-01-02,1
1643779800,28,Fear,2022-02-02,1
1643866200,20,Extreme Fear,2022-03-02,1
1643952600,20,Extreme Fear,2022-04-02,1
1644039000,33,Fear,2022-05-02,1
1644125400,37,Fear,2022-06-02,1
1644211800,45,Neutral,2022-07-02,1
1644298200,48,Neutral,2022-08-02,1
1644384600,54,Neutral,2022-09-02,1
1644471000,50,Neutral,2022-10-02,1
1644557400,50,Neutral,2022-11-02,1
1644643800,44,Fear,2022-12-02,1
1646112600,51,Neutral,2022-01-03,1
1646199000,52,Neutral,2022-02-03,1
1646285400,39,Fear,2022-03-03,1
1646371800,33,Fear,2022-04-03,1
1646458200,22,Extreme Fear,2022-05-03,1
1646544600,22,Extreme Fear,2022-06-03,1
1646631000,23,Extreme Fear,2022-07-03,1
1646717400,21,Extreme Fear,2022-08-03,1
1646803800,22,Extreme Fear,2022-09-03,1
1646890200,28,Fear,2022-10-03,1
1646976600,22,Extreme Fear,2022-11-03,1
1647063000,22,Extreme Fear,2022-12-03,1
1648791000,50,Neutral,2022-01-04,1
1648877400,52,Neutral,2022-02-04,1
1648963800,48,Neutral,2022-03-04,1
1649050200,52,Neutral,2022-04-04,1
1649136600,53,Neutral,2022-05-04,1
1649223000,48,Neutral,2022-06-04,1
1649309400,34,Fear,2022-07-04,1
1649395800,37,Fear,2022-08-04,1
1649482200,30,Fear,2022-09-04,1
1649568600,34,Fear,2022-10-04,1
1649655000,32,Fear,2022-11-04,1
1649741400,20,Extreme Fear,2022-12-04,1
1651383000,22,Extreme Fear,2022-01-05,1
1651469400,28,Fear,2022-02-05,1
1651555800,27,Fear,2022-03-05,1
1651642200,21,Extreme Fear,2022-04-05,1
1651728600,27,Fear,2022-05-05,1
1651815000,22,Extreme Fear,2022-06-05,1
1651901400,23,Extreme Fear,2022-07-05,1
1651987800,18,Extreme Fear,2022-08-05,1
1652074200,11,Extreme Fear,2022-09-05,1
1652160600,10,Extreme Fear,2022-10-05,1
1652247000,12,Extreme Fear,2022-11-05,1
1652333400,12,Extreme Fear,2022-12-05,1
1654061400,17,Extreme Fear,2022-01-06,1
1654147800,13,Extreme Fear,2022-02-06,1
1654234200,10,Extreme Fear,2022-03-06,1
1654320600,14,Extreme Fear,2022-04-06,1
1654407000,10,Extreme Fear,2022-05-06,1
1654493400,13,Extreme Fear,2022-06-06,1
1654579800,15,Extreme Fear,2022-07-06,1
1654666200,17,Extreme Fear,2022-08-06,1
1654752600,11,Extreme Fear,2022-09-06,1
1654839000,13,Extreme Fear,2022-10-06,1
1654925400,12,Extreme Fear,2022-11-06,1
1655011800,14,Extreme Fear,2022-12-06,1
1656653400,11,Extreme Fear,2022-01-07,1
1656739800,14,Extreme Fear,2022-02-07,1
1656826200,11,Extreme Fear,2022-03-07,1
1656912600,14,Extreme Fear,2022-04-07,1
1656999000,19,Extreme Fear,2022-05-07,1
1657085400,18,Extreme Fear,2022-06-07,1
1657171800,18,Extreme Fear,2022-07-07,1
1657258200,20,Extreme Fear,2022-08-07,1
1657344600,24,Extreme Fear,2022-09-07,1
1657431000,24,Extreme Fear,2022-10-07,1
1657517400,22,Extreme Fear,2022-11-07,1
1657603800,16,Extreme Fear,2022-12-07,1
1659331800,33,Fear,2022-01-08,1
1659418200,31,Fear,2022-02-08,1
1659504600,34,Fear,2022-03-08,1
1659591000,30,Fear,2022-04-08,1
1659677400,31,Fear,2022-05-08,1
1659763800,31,Fear,2022-06-08,1
1659850200,30,Fear,2022-07-08,1
1659936600,30,Fear,2022-08-08,1
1660023000,42,Fear,2022-09-08,1
1660109400,31,Fear,2022-10-08,1
1660195800,41,Fear,2022-11-08,1
1660282200,42,Fear,2022-12-08,1
1662010200,20,Extreme Fear,2022-01-09,1
1662096600,25,Fear,2022-02-09,1
1662183000,21,Extreme Fear,2022-03-09,1
1662269400,20,Extreme Fear,2022-04-09,1
1662355800,23,Extreme Fear,2022-05-09,1
1662442200,22,Extreme Fear,2022-06-09,1
1662528600,24,Extreme Fear,2022-07-09,1
1662615000,20,Extreme Fear,2022-08-09,1
1662701400,22,Extreme Fear,2022-09-09,1
1662787800,28,Fear,2022-10-09,1
1662874200,26,Fear,2022-11-09,1
1662960600,25,Fear,2022-12-09,1
1664602200,20,Extreme Fear,2022-01-10,1
1664688600,24,Extreme Fear,2022-02-10,1
1664775000,24,Extreme Fear,2022-03-10,1
1664861400,20,Extreme Fear,2022-04-10,1
1664947800,25,Fear,2022-05-10,1
1665034200,26,Fear,2022-06-10,1
1665120600,23,Extreme Fear,2022-07-10,1
1665207000,24,Extreme Fear,2022-08-10,1
1665293400,22,Extreme Fear,2022-09-10,1
1665379800,22,Extreme Fear,2022-10-10,1
1665466200,24,Extreme Fear,2022-11-10,1
1665552600,20,Extreme Fear,2022-12-10,1
1667280600,30,Fear,2022-01-11,1
1667367000,30,Fear,2022-02-11,1
1667453400,30,Fear,2022-03-11,1
1667539800,30,Fear,2022-04-11,1
1667626200,38,Fear,2022-05-11,1
1667712600,40,Fear,2022-06-11,1
1667799000,33,Fear,2022-07-11,1
1667885400,31,Fear,2022-08-11,1
1667971800,29,Fear,2022-09-11,1
1668058200,22,Extreme Fear,2022-10-11,1
1668144600,25,Fear,2022-11-11,1
1668231000,21,Extreme Fear,2022-12-11,1
1669872600,27,Fear,2022-01-12,1
1669959000,27,Fear,2022-02-12,1
1670045400,27,Fear,2022-03-12,1
1670131800,26,Fear,2022-04-12,1
1670218200,26,Fear,2022-05-12,1
1670304600,25,Fear,2022-06-12,1
1670391000,29,Fear,2022-07-12,1
1670477400,25,Fear,2022-08-12,1
1670563800,26,Fear,2022-09-12,1
1670650200,27,Fear,2022-10-12,1
1670736600,26,Fear,2022-11-12,1
1670823000,27,Fear,2022-12-12,1
1672551000,26,Fear,2023-01-01,1
1672637400,27,Fear,2023-02-01,1
1672723800,26,Fear,2023-03-01,1
1672810200,29,Fear,2023-04-01,1
1672896600,29,Fear,2023-05-01,1
1672983000,26,Fear,2023-06-01,1
1673069400,25,Fear,2023-07-01,1
1673155800,25,Fear,2023-08-01,1
1673242200,25,Fear,2023-09-01,1
1673328600,26,Fear,2023-10-01,1
1673415000,26,Fear,2023-11-01,1
1673501400,30,Fear,2023-12-01,1
1675229400,56,Greed,2023-01-02,1
1675315800,60,Greed,2023-02-02,1
1675402200,60,Greed,2023-03-02,1
1675488600,58,Greed,2023-04-02,1
1675575000,58,Greed,2023-05-02,1
1675661400,56,Greed,2023-06-02,1
1675747800,54,Neutral,2023-07-02,1
1675834200,58,Greed,2023-08-02,1
1675920600,55,Greed,2023-09-02,1
1676007000,48,Neutral,2023-10-02,1
1676093400,49,Neutral,2023-11-02,1
1676179800,50,Neutral,2023-12-02,1
1677648600,50,Neutral,2023-01-03,1
1677735000,51,Neutral,2023-02-03,1
1677821400,50,Neutral,2023-03-03,1
1677907800,50,Neutral,2023-04-03,1
1677994200,47,Neutral,2023-05-03,1
1678080600,48,Neutral,2023-06-03,1
1678167000,49,Neutral,2023-07-03,1
1678253400,50,Neutral,2023-08-03,1
1678339800,44,Fear,2023-09-03,1
1678426200,34,Fear,2023-10-03,1
1678512600,33,Fear,2023-11-03,1
1678599000,33,Fear,2023-12-03,1
1680327000,61,Greed,2023-01-04,1
1680413400,63,Greed,2023-02-04,1
1680499800,63,Greed,2023-03-04,1
1680586200,62,Greed,2023-04-04,1
1680672600,62,Greed,2023-05-04,1
1680759000,63,Greed,2023-06-04,1
1680845400,64,Greed,2023-07-04,1
1680931800,61,Greed,2023-08-04,1
1681018200,61,Greed,2023-09-04,1
1681104600,62,Greed,2023-10-04,1
1681191000,68,Greed,2023-11-04,1
1681277400,65,Greed,2023-12-04,1
1682919000,63,Greed,2023-01-05,1
1683005400,55,Greed,2023-02-05,1
1683091800,64,Greed,2023-03-05,1
1683178200,64,Greed,2023-04-05,1
1683264600,61,Greed,2023-05-05,1
1683351000,60,Greed,2023-06-05,1
1683437400,64,Greed,2023-07-05,1
1683523800,60,Greed,2023-08-05,1
1683610200,51,Neutral,2023-09-05,1
1683696600,52,Neutral,2023-10-05,1
1683783000,52,Neutral,2023-11-05,1
1683869400,49,Neutral,2023-12-05,1
1685597400,52,Neutral,2023-01-06,1
1685683800,50,Neutral,2023-02-06,1
1685770200,53,Neutral,2023-03-06,1
1685856600,52,Neutral,2023-04-06,1
1685943000,53,Neutral,2023-05-06,1
1686029400,44,Fear,2023-06-06,1
1686115800,53,Neutral,2023-07-06,1
1686202200,50,Neutral,2023-08-06,1
1686288600,50,Neutral,2023-09-06,1
1686375000,49,Neutral,2023-10-06,1
1686461400,47,Neutral,2023-11-06,1
1686547800,47,Neutral,2023-12-06,1
1688189400,59,Greed,2023-01-07,1
1688275800,63,Greed,2023-02-07,1
1688362200,62,Greed,2023-03-07,1
1688448600,64,Greed,2023-04-07,1
1688535000,61,Greed,2023-05-07,1
1688621400,56,Greed,2023-06-07,1
1688707800,55,Greed,2023-07-07,1
1688794200,58,Greed,2023-08-07,1
1688880600,55,Greed,2023-09-07,1
1688967000,56,Greed,2023-10-07,1
1689053400,57,Greed,2023-11-07,1
1689139800,64,Greed,2023-12-07,1
1690867800,53,Neutral,2023-01-08,1
1690954200,53,Neutral,2023-02-08,1
1691040600,52,Neutral,2023-03-08,1
1691127000,54,Neutral,2023-04-08,1
1691213400,50,Neutral,2023-05-08,1
1691299800,49,Neutral,2023-06-08,1
1691386200,49,Neutral,2023-07-08,1
1691472600,54,Neutral,2023-08-08,1
1691559000,50,Neutral,2023-09-08,1
1691645400,53,Neutral,2023-10-08,1
1691731800,51,Neutral,2023-11-08,1
1691818200,54,Neutral,2023-12-08,1
1693546200,40,Fear,2023-01-09,1
1693632600,39,Fear,2023-02-09,1
1693719000,40,Fear,2023-03-09,1
1693805400,40,Fear,2023-04-09,1
1693891800,40,Fear,2023-05-09,1
1693978200,42,Fear,2023-06-09,1
1694064600,41,Fear,2023-07-09,1
1694151000,46,Neutral,2023-08-09,1
1694237400,41,Fear,2023-09-09,1
1694323800,40,Fear,2023-10-09,1
1694410200,40,Fear,2023-11-09,1
1694496600,30,Fear,2023-12-09,1
1696138200,48,Neutral,2023-01-10,1
1696224600,50,Neutral,2023-02-10,1
1696311000,50,Neutral,2023-03-10,1
1696397400,49,Neutral,2023-04-10,1
1696483800,48,Neutral,2023-05-10,1
1696570200,50,Neutral,2023-06-10,1
1696656600,49,Neutral,2023-07-10,1
1696743000,50,Neutral,2023-08-10,1
1696829400,50,Neutral,2023-09-10,1
1696915800,50,Neutral,2023-10-10,1
1697002200,47,Neutral,2023-11-10,1
1697088600,45,Neutral,2023-12-10,1
1698816600,66,Greed,2023-01-11,1
1698903000,72,Greed,2023-02-11,1
1698989400,65,Greed,2023-03-11,1
1699075800,68,Greed,2023-04-11,1
1699162200,70,Greed,2023-05-11,1
1699248600,74,Greed,2023-06-11,1
1699335000,68,Greed,2023-07-11,1
1699421400,66,Greed,2023-08-11,1
1699507800,69,Greed,2023-09-11,1
1699594200,70,Greed,2023-10-11,1
1699680600,70,Greed,2023-11-11,1
1699767000,73,Greed,2023-12-11,1
1701408600,71,Greed,2023-01-12,1
1701495000,74,Greed,2023-02-12,1
1701581400,73,Greed,2023-03-12,1
1701667800,74,Greed,2023-04-12,1
1701754200,75,Extreme Greed,2023-05-12,1
1701840600,72,Greed,2023-06-12,1
1701927000,72,Greed,2023-07-12,1
1702013400,72,Greed,2023-08-12,1
1702099800,73,Greed,2023-09-12,1
1702186200,74,Greed,2023-10-12,1
1702272600,74,Greed,2023-11-12,1
1702359000,67,Greed,2023-12-12,1
1704087000,65,Greed,2024-01-01,1
1704173400,71,Greed,2024-02-01,1
1704259800,70,Greed,2024-03-01,1
1704346200,68,Greed,2024-04-01,1
1704432600,72,Greed,2024-05-01,1
1704519000,70,Greed,2024-06-01,1
1704605400,71,Greed,2024-07-01,1
1704691800,71,Greed,2024-08-01,1
1704778200,76,Extreme Greed,2024-09-01,1
1704864600,73,Greed,2024-10-01,1
1704951000,76,Extreme Greed,2024-11-01,1
1705037400,71,Greed,2024-12-01,1
1706765400,63,Greed,2024-01-02,1
1706851800,63,Greed,2024-02-02,1
1706938200,60,Greed,2024-03-02,1
1707024600,60,Greed,2024-04-02,1
1707111000,60,Greed,2024-05-02,1
1707197400,64,Greed,2024-06-02,1
1707283800,62,Greed,2024-07-02,1
1707370200,66,Greed,2024-08-02,1
1707456600,72,Greed,2024-09-02,1
1707543000,74,Greed,2024-10-02,1
1707629400,71,Greed,2024-11-02,1
1707715800,70,Greed,2024-12-02,1
1709271000,80,Extreme Greed,2024-01-03,1
1709357400,80,Extreme Greed,2024-02-03,1
1709443800,83,Extreme Greed,2024-03-03,1
1709530200,82,Extreme Greed,2024-04-03,1
1709616600,90,Extreme Greed,2024-05-03,1
1709703000,75,Extreme Greed,2024-06-03,1
1709789400,82,Extreme Greed,2024-07-03,1
1709875800,81,Extreme Greed,2024-08-03,1
1709962200,84,Extreme Greed,2024-09-03,1
1710048600,79,Extreme Greed,2024-10-03,1
1710135000,82,Extreme Greed,2024-11-03,1
1710221400,81,Extreme Greed,2024-12-03,1
1711949400,79,Extreme Greed,2024-01-04,1
1712035800,79,Extreme Greed,2024-02-04,1
1712122200,71,Greed,2024-03-04,1
1712208600,70,Greed,2024-04-04,1
1712295000,79,Extreme Greed,2024-05-04,1
1712381400,75,Extreme Greed,2024-06-04,1
1712467800,78,Extreme Greed,2024-07-04,1
1712554200,76,Extreme Greed,2024-08-04,1
1712640600,80,Extreme Greed,2024-09-04,1
1712727000,78,Extreme Greed,2024-10-04,1
1712813400,76,Extreme Greed,2024-11-04,1
1712899800,79,Extreme Greed,2024-12-04,1
1714541400,54,Neutral,2024-01-05,1
1714627800,43,Fear,2024-02-05,1
1714714200,48,Neutral,2024-03-05,1
1714800600,67,Greed,2024-04-05,1
1714887000,69,Greed,2024-05-05,1
1714973400,71,Greed,2024-06-05,1
1715059800,68,Greed,2024-07-05,1
1715146200,64,Greed,2024-08-05,1
1715232600,55,Greed,2024-09-05,1
1715319000,66,Greed,2024-10-05,1
1715405400,53,Neutral,2024-11-05,1
1715491800,56,Greed,2024-12-05,1
1717219800,72,Greed,2024-01-06,1
1717306200,73,Greed,2024-02-06,1
1717392600,73,Greed,2024-03-06,1
1717479000,73,Greed,2024-04-06,1
1717565400,75,Extreme Greed,2024-05-06,1
1717651800,78,Extreme Greed,2024-06-06,1
1717738200,77,Extreme Greed,2024-07-06,1
1717824600,72,Greed,2024-08-06,1
1717911000,75,Extreme Greed,2024-09-06,1
1717997400,72,Greed,2024-10-06,1
1718083800,74,Greed,2024-11-06,1
1718170200,72,Greed,2024-12-06,1
1719811800,53,Neutral,2024-01-07,1
1719898200,51,Neutral,2024-02-07,1
1719984600,50,Neutral,2024-03-07,1
1720071000,44,Fear,2024-04-07,1
1720157400,29,Fear,2024-05-07,1
1720243800,26,Fear,2024-06-07,1
1720330200,29,Fear,2024-07-07,1
1720416600,28,Fear,2024-08-07,1
1720503000,27,Fear,2024-09-07,1
1720589400,28,Fear,2024-10-07,1
1720675800,29,Fear,2024-11-07,1
1720762200,25,Fear,2024-12-07,1
1722490200,52,Neutral,2024-01-08,1
1722576600,57,Greed,2024-02-08,1
1722663000,37,Fear,2024-03-08,1
1722749400,34,Fear,2024-04-08,1
1722835800,26,Fear,2024-05-08,1
1722922200,17,Extreme Fear,2024-06-08,1
1723008600,29,Fear,2024-07-08,1
1723095000,20,Extreme Fear,2024-08-08,1
1723181400,48,Neutral,2024-09-08,1
1723267800,40,Fear,2024-10-08,1
1723354200,39,Fear,2024-11-08,1
1723440600,25,Fear,2024-12-08,1
1725168600,26,Fear,2024-01-09,1
1725255000,26,Fear,2024-02-09,1
1725341400,26,Fear,2024-03-09,1
1725427800,27,Fear,2024-04-09,1
1725514200,29,Fear,2024-05-09,1
1725600600,22,Extreme Fear,2024-06-09,1
1725687000,23,Extreme Fear,2024-07-09,1
1725773400,29,Fear,2024-08-09,1
1725859800,26,Fear,2024-09-09,1
1725946200,33,Fear,2024-10-09,1
1726032600,37,Fear,2024-11-09,1
1726119000,31,Fear,2024-12-09,1
1727760600,50,Neutral,2024-01-10,1
1727847000,42,Fear,2024-02-10,1
1727933400,37,Fear,2024-03-10,1
1728019800,41,Fear,2024-04-10,1
1728106200,49,Neutral,2024-05-10,1
1728192600,50,Neutral,2024-06-10,1
1728279000,50,Neutral,2024-07-10,1
1728365400,49,Neutral,2024-08-10,1
1728451800,49,Neutral,2024-09-10,1
1728538200,39,Fear,2024-10-10,1
1728624600,32,Fear,2024-11-10,1
1728711000,49,Neutral,2024-12-10,1
1730439000,75,Extreme Greed,2024-01-11,1
1730525400,72,Greed,2024-02-11,1
1730611800,74,Greed,2024-03-11,1
1730698200,70,Greed,2024-04-11,1
1730784600,70,Greed,2024-05-11,1
1730871000,70,Greed,2024-06-11,1
1730957400,77,Extreme Greed,2024-07-11,1
1731043800,75,Extreme Greed,2024-08-11,1
1731130200,75,Extreme Greed,2024-09-11,1
1731216600,78,Extreme Greed,2024-10-11,1
1731303000,76,Extreme Greed,2024-11-11,1
1731389400,80,Extreme Greed,2024-12-11,1
1733031000,81,Extreme Greed,2024-01-12,1
1733117400,80,Extreme Greed,2024-02-12,1
1733203800,76,Extreme Greed,2024-03-12,1
1733290200,78,Extreme Greed,2024-04-12,1
1733376600,84,Extreme Greed,2024-05-12,1
1733463000,72,Greed,2024-06-12,1
1733549400,75,Extreme Greed,2024-07-12,1
1733635800,79,Extreme Greed,2024-08-12,1
1733722200,78,Extreme Greed,2024-09-12,1
1733808600,78,Extreme Greed,2024-10-12,1
1733895000,74,Greed,2024-11-12,1
1733981400,83,Extreme Greed,2024-12-12,1
1735709400,66,Greed,2025-01-01,1
1735795800,70,Greed,2025-02-01,1
1735882200,74,Greed,2025-03-01,1
1735968600,73,Greed,2025-04-01,1
1736055000,72,Greed,2025-05-01,1
1736141400,76,Extreme Greed,2025-06-01,1
1736227800,78,Extreme Greed,2025-07-01,1
1736314200,70,Greed,2025-08-01,1
1736400600,69,Greed,2025-09-01,1
1736487000,50,Neutral,2025-10-01,1
1736573400,69,Greed,2025-11-01,1
1736659800,62,Greed,2025-12-01,1
1738387800,68,Greed,2025-01-02,1
1738474200,60,Greed,2025-02-02,1
1738560600,44,Fear,2025-03-02,1
1738647000,72,Greed,2025-04-02,1
1738733400,54,Neutral,2025-05-02,1
1738819800,49,Neutral,2025-06-02,1
1738906200,44,Fear,2025-07-02,1
1738992600,44,Fear,2025-08-02,1
1739079000,46,Neutral,2025-09-02,1
1739165400,43,Fear,2025-10-02,1
1739251800,47,Neutral,2025-11-02,1
1739338200,46,Neutral,2025-12-02,1
1740807000,20,Extreme Fear,2025-01-03,1
1740893400,26,Fear,2025-02-03,1
1740979800,33,Fear,2025-03-03,1
1741066200,15,Extreme Fear,2025-04-03,1
1741152600,20,Extreme Fear,2025-05-03,1
1741239000,25,Fear,2025-06-03,1
1741325400,34,Fear,2025-07-03,1
1741411800,28,Fear,2025-08-03,1
1741498200,27,Fear,2025-09-03,1
1741584600,20,Extreme Fear,2025-10-03,1
1741671000,24,Extreme Fear,2025-11-03,1
1741757400,34,Fear,2025-12-03,1
1743485400,34,Fear,2025-01-04,1
1743571800,44,Fear,2025-02-04,1
1743658200,25,Fear,2025-03-04,1
1743744600,28,Fear,2025-04-04,1
1743831000,30,Fear,2025-05-04,1
1743917400,34,Fear,2025-06-04,1
1744003800,23,Extreme Fear,2025-07-04,1
1744090200,24,Extreme Fear,2025-08-04,1
1744176600,18,Extreme Fear,2025-09-04,1
1744263000,39,Fear,2025-10-04,1
1744349400,25,Fear,2025-11-04,1
1744435800,43,Fear,2025-12-04,1
1746077400,53,Neutral,2025-01-05,1
1746163800,67,Greed,2025-02-05,1
